offer_id,section,quantity,price_usd,selection_type,scraped_at
GN6DCMJWGAYDIMRVG4YHYMJYGA2TINJUGZSDK,101,2,,resale,2026-04-04T19:52:12Z
GN6DCMJVGQZDKMZSGM2HYMJXMYYTGYLDGM2DK,101,2,,resale,2026-04-04T19:52:12Z
GN6DCMJWGAYDGNBSGEZXYMJYGA2TINDDGE2TK,101,2,,resale,2026-04-04T19:52:12Z
GN6DCMJSGI2DMNZWGI3XYMJYGA2TONBUHE2DK,101,1,,resale,2026-04-04T19:52:12Z
GJ6DC7BUHE,101,4,,standard,2026-04-04T19:52:12Z
GN6DCMJVHE4TGMZYGEYHYMJYGA2TKYTDG4ZTK,101,2,,resale,2026-04-04T19:52:12Z
GN6DCMJVHE4TOMBXHE3XYMJYGA2GKZBWMU4DK,101,1,,resale,2026-04-04T19:52:12Z
GN6DCMJVHEZTSNRTGY3HYMJYGA2TONLDMZQTK,101,2,,resale,2026-04-04T19:52:12Z
GN6DCMJVHEZTSNRTGY2XYMJYGA2TONLEG5RTK,101,2,,resale,2026-04-04T19:52:12Z
GN6DCMJWGAYDQOJWGE2HYMJYGA2TMNDGMMYDK,101,1,,resale,2026-04-04T19:52:12Z
GN6DCMJVHEZTSNRQG44XYMJYGAZGIN3DMVSDK,101,2,,resale,2026-04-04T19:52:12Z
GN6DCMJVHEZTSNRTG44HYMJYGA2TONRQGM2DK,101,2,,resale,2026-04-04T19:52:12Z
GN6DCMJVHEZTSNRTG4ZXYMJYGA2TONRRMNTDK,101,2,,resale,2026-04-04T19:52:12Z
GN6DCMJVHEZTSNRSHEYHYMJYGA2TONLGHEYTK,101,2,,resale,2026-04-04T19:52:12Z
GN6DCMJVHEZTSNRSG4YXYMJYGA2TONRRGFRDK,101,2,,resale,2026-04-04T19:52:12Z
GN6DCMJVGI2DSNZVGA4HYMJXMVRTEYRTGI4TK,102,2,,resale,2026-04-04T19:52:12Z
GN6DCMJVHE3DEOBTGI2HYMJYGAZWCZTCMNRTK,102,2,,resale,2026-04-04T19:52:12Z
GJ6DC7BWGA,102,1,,standard,2026-04-04T19:52:12Z
GN6DCMJVGM4TOMZXGU2HYMJYGA2TGMTBMFSTK,102,2,,resale,2026-04-04T19:52:12Z
GN6DCMJVHE4TQNJTGY3XYMJYGA2TMMDBG5QTK,102,2,,resale,2026-04-04T19:52:12Z
GN6DCMJVHE4TQMBRG43HYMJYGA2TKOBTME4DK,102,2,,resale,2026-04-04T19:52:12Z
GJ6DC7BWGM,102,2,,standard,2026-04-04T19:52:12Z
GN6DCMJUGM3DMMZVGQ4HYMJYGA2TOMRYHFQTK,102,2,,resale,2026-04-04T19:52:12Z
GN6DSOJWGUZTKMBSHF6DCN3DGA2TOYLCHA2Q,102,2,,resale,2026-04-04T19:52:12Z
GN6DCMJVGU3DCNBTGAZXYMJXMY4WCZRYGNSDK,103,2,,resale,2026-04-04T19:52:12Z
GJ6DC7BWGM,103,1,,standard,2026-04-04T19:52:12Z
GN6DCMJVHE4TSMBQGI2HYMJYGA2GMZLBGJRDK,103,2,,resale,2026-04-04T19:52:12Z
GN6DCMJWGAYDOMBQGYYHYMJYGA2TKMRSGY3DK,103,2,,resale,2026-04-04T19:52:12Z
GN6DCMJUGM3DMMZVGM4XYMJYGA2TOMRZG42DK,103,2,,resale,2026-04-04T19:52:12Z
GN6DSOJQGAYDIMJZG56DCN3DGA2TOZJUMI2Q,103,2,,resale,2026-04-04T19:52:12Z
GN6DCMJUHE3DCNJTGMZXYMJYGA2TMY3FME4DK,104,2,,resale,2026-04-04T19:52:12Z
GN6DCMJVGUYTINRUG43XYMJYGA2TGMBSGEZTK,104,1,,resale,2026-04-04T19:52:12Z
GN6DCMJVGE3DMMZYHA3HYMJYGA2TAZJVGEZDK,104,1,,resale,2026-04-04T19:52:12Z
GJ6DC7BWGI,104,1,,standard,2026-04-04T19:52:12Z
GN6DCMJVHE4TQOJXGE3HYMJYGA2GMZLBGUYTK,104,2,,resale,2026-04-04T19:52:12Z
GN6DCMJWGAYTAOJTGY4XYMJYGA2TONTEMU2TK,105,2,,resale,2026-04-04T19:52:12Z
GN6DCMJVHE4TIMJSG44HYMJYGA2GIMJRMM4DK,105,2,,resale,2026-04-04T19:52:12Z
GN6DCMJVG44DGMJSGIZXYMJYGA2GMNDEME4DK,105,2,,resale,2026-04-04T19:52:12Z
GJ6DC7BWGA,105,1,,standard,2026-04-04T19:52:12Z
GN6DCMJVHE4TIOBWHE2XYMJYGA2TIZRWMQZDK,105,2,,resale,2026-04-04T19:52:12Z
GN6DCMJVHE2TINZXGU4HYMJYGAZTMMTBHEZDK,105,2,,resale,2026-04-04T19:52:12Z
GN6DCMJVHA3TQNJVGMZXYMJYGA2TKMRRG5QTK,105,2,,resale,2026-04-04T19:52:12Z
GN6DCMBVHE3DMNZSGIZXYMJYGA2TMNDGMZSDK,106,2,,resale,2026-04-04T19:52:12Z
GN6DSOJUGMZTINZTGN6DCOBQGU2GKNBTMI2Q,106,2,,resale,2026-04-04T19:52:12Z
GJ6DC7BVGM,106,1,,standard,2026-04-04T19:52:12Z
GN6DSOJVG42TENRZHF6DCN3DGA2TONTEGQ2Q,106,2,,resale,2026-04-04T19:52:12Z
GN6DCMJWGAYDIMZWGIZHYMJYGA2TIZLDGFQTK,106,2,,resale,2026-04-04T19:52:12Z
GN6DCMJQG42TMOJZGU2XYMJXMMYDKOBSMEYTK,106,2,,resale,2026-04-04T19:52:12Z
GN6DCMJVHE2DONRXHA2XYMJYGA2GMZBUGAZTK,106,2,,resale,2026-04-04T19:52:12Z
GN6DCMJVHE4TMMJWGA4HYMJYGA2TKNZYGM3DK,106,2,,resale,2026-04-04T19:52:12Z
GN6DCMJVHAZDAOJYGA2XYMJXMZSWKZDDHAZDK,106,2,,resale,2026-04-04T19:52:12Z
GN6DCMJWGAYTCMJTGUYHYMJYGA2TOOJTMM3TK,107,2,,resale,2026-04-04T19:52:12Z
GN6DCMJWGAYTAMJXGM3XYMJYGA2TOMBZHA3TK,107,2,,resale,2026-04-04T19:52:12Z
GN6DCMJVHE4TENRVGM2HYMJYGA2TKYZUGNSTK,107,2,,resale,2026-04-04T19:52:12Z
GN6DCMJVHE4TINRQG43HYMJYGA2GINJWGA3TK,107,2,,resale,2026-04-04T19:52:12Z
GJ6DC7BUHE,107,1,,standard,2026-04-04T19:52:12Z
GJ6DC7BVGA,108,1,,standard,2026-04-04T19:52:12Z
GN6DCMJVHEYDGOJTGI4HYMJYGAYWEYLBHE4DK,108,2,,resale,2026-04-04T19:52:12Z
GN6DCMJUGAZTINJZHEZHYMJYGAZTIMBWGVRTK,108,2,,resale,2026-04-04T19:52:12Z
GN6DCMJVHE4TKMJTGU2HYMJYGA2TMNZSGY2DK,108,2,,resale,2026-04-04T19:52:12Z
GN6DCMJWGAYDGNZVHE2XYMJYGA2TGNBUMM2DK,108,1,,resale,2026-04-04T19:52:12Z
GN6DCMJVGUYDOOJQGAYXYMJYGA2TINRSMQ3DK,108,3,,resale,2026-04-04T19:52:12Z
GN6DCMJUG4ZTOMZXGI4XYMJYGA2TONTBMY4DK,108,2,,resale,2026-04-04T19:52:12Z
GN6DCMJWGAYDQNZTGYZHYMJYGA2TMMZRMJSTK,108,2,,resale,2026-04-04T19:52:12Z
GJ6DC7BWGI,109,1,,standard,2026-04-04T19:52:12Z
GN6DCMJVGM2TAMJXGY4XYMJXMVSWCYRZGNTDK,109,2,,resale,2026-04-04T19:52:12Z
GN6DCMJWGAYDQOBQGUYHYMJYGA2TMMZRMQYDK,109,2,,resale,2026-04-04T19:52:12Z
GN6DCMJUGUYDMMBQGY3HYMJYGA2TMZJQGBSDK,109,3,,resale,2026-04-04T19:52:12Z
GN6DCMBXGIZTOMRVGM4XYMJXMMYDKODBHEZTK,109,2,,resale,2026-04-04T19:52:12Z
GN6DCMJVHE2TENBSGQ4HYMJYGA2TANZXGY4TK,109,3,,resale,2026-04-04T19:52:12Z
GN6DCMJUHEYDEOBTHE3XYMJYGA2TMYTBGVSTK,110,2,,resale,2026-04-04T19:52:12Z
GN6DCMJVHE4TOMBZGE2HYMJYGA2TMM3BG5STK,110,2,,resale,2026-04-04T19:52:12Z
GN6DCMJWGAYDGNBTGE2XYMJYGA2TGMBWHAYTK,110,2,,resale,2026-04-04T19:52:12Z
GJ6DC7BWGM,110,1,,standard,2026-04-04T19:52:12Z
GN6DCMJVHEZDAOBRGA4HYMJYGA2TMZRVMMYDK,110,2,,resale,2026-04-04T19:52:12Z
GN6DCMJVG4YTSNJSGU3XYMJYGA2TGZDDGNQTK,110,4,,resale,2026-04-04T19:52:12Z
GN6DCMJTGM3DOMZVGQZXYMJYGAZDQYZQG5SDK,110,2,,resale,2026-04-04T19:52:12Z
GN6DCMJVHA3DSMZRHA4HYMJYGA2GMYJQGBRTK,111,2,,resale,2026-04-04T19:52:12Z
GN6DCMJVHE2DQOJRGY2XYMJYGAZTEYRXMQ3DK,111,1,,resale,2026-04-04T19:52:12Z
GN6DCMJVHE2DAOJTGQ2HYMJYGA2TAMDDMQ3TK,111,2,,resale,2026-04-04T19:52:12Z
GN6DCMBQGM3TQNRZGMZXYMJYGA2DQZRRMRSTK,111,2,,resale,2026-04-04T19:52:12Z
GN6DCMJWGAYDEMJVGIZHYMJYGA2TEMDCMZTDK,111,2,,resale,2026-04-04T19:52:12Z
GN6DCMJWGAYDCNJTG43HYMJYGA2TMNRYGI4DK,111,1,,resale,2026-04-04T19:52:12Z
GN6DCMJUGM3DMMZVGM2XYMJYGA2TOMTCGRQTK,111,2,,resale,2026-04-04T19:52:12Z
GN6DCMJUGM3DMMZVGMZXYMJYGA2TOMZQMNQTK,111,2,,resale,2026-04-04T19:52:12Z
GN6DCMJUGM3DMMZVGMZHYMJYGA2TOMZSGM3DK,111,2,,resale,2026-04-04T19:52:12Z
GN6DSOBVGQ3TKMJVHB6DCN3DGA2TOYLCG42Q,111,2,,resale,2026-04-04T19:52:12Z
GN6DCMJUGM3DMMZVGQZXYMJYGA2TOMRZMFRDK,111,2,,resale,2026-04-04T19:52:12Z
GN6DCMJUGM3DMMZVGQZHYMJYGA2TOMZSMY4TK,111,2,,resale,2026-04-04T19:52:12Z
GN6DSOBRHE4DQOBUGF6DCOBQGUZTIMDEHE2Q,112,2,,resale,2026-04-04T19:52:12Z
GN6DCMJWGAYDSNRRGA2XYMJYGA2TMYRVMMZDK,112,2,,resale,2026-04-04T19:52:12Z
GN6DCMJSGM4TCMZVGY4XYMJYGA2TEOBYGA4TK,112,2,,resale,2026-04-04T19:52:12Z
GN6DCMJWGAYDANBQG42XYMJYGA2TMMBRGZSTK,112,2,,resale,2026-04-04T19:52:12Z
GN6DCMJWGAYDENRWGQ2XYMJYGA2TMZTDGUYTK,112,2,,resale,2026-04-04T19:52:12Z
GN6DSNRQGA3DSNJZGJ6DCN3DGA2TOZLDMY2Q,112,3,,resale,2026-04-04T19:52:12Z
GN6DCMJTHA4TGMRRGA4HYMJYGA2TGMTGGA3TK,112,2,,resale,2026-04-04T19:52:12Z
GJ6DC7BUHE,112,8,,standard,2026-04-04T19:52:12Z
GN6DCMJVGA4DQMZVGY3HYMJXMY3DOZLEGBRDK,112,2,,resale,2026-04-04T19:52:12Z
GN6DCMJSHEYTGNRUHEZHYMJXMMYDKN3DGQ3TK,112,2,,resale,2026-04-04T19:52:12Z
GN6DCMJVG43DEMZUHE4XYMJXMZSDAMRZME4DK,112,2,,resale,2026-04-04T19:52:12Z
GN6DCMBUGI4TAOBWGEYXYMJXMQYTAZRWHBSTK,112,2,,resale,2026-04-04T19:52:12Z
GN6DCMJWGAYDGNZWHE4HYMJYGA2TGNDBGI3DK,112,2,,resale,2026-04-04T19:52:12Z
GJ6DC7BVGE,112,1,,standard,2026-04-04T19:52:12Z
GN6DCMJVGA4TQOBXHE4XYMJYGA2TKNBQGFSTK,112,2,,resale,2026-04-04T19:52:12Z
GN6DCMJWGAYDSNBSGA2XYMJYGA2TMODDMIYTK,112,2,,resale,2026-04-04T19:52:12Z
GJ6DC7BWGE,113,1,,standard,2026-04-04T19:52:12Z
GN6DCMJWGAYTCMJWGE4HYMJYGA2TOODGMMZTK,113,1,,resale,2026-04-04T19:52:12Z
GN6DCMJWGAYDQNRZHAZXYMJYGA2TMMTGMQZDK,113,1,,resale,2026-04-04T19:52:12Z
GN6DCMJWGAYDSMJYHE4HYMJYGA2TMNTCMM3DK,113,1,,resale,2026-04-04T19:52:12Z
GJ6DC7BWGM,113,1,,standard,2026-04-04T19:52:12Z
GN6DCMJVHE4TMOBZGAZHYMJYGA2GKYRSGQ4TK,113,2,,resale,2026-04-04T19:52:12Z
GN6DCMJWGAYDGNRTGQ3XYMJYGA2TGMLFGQ4DK,113,2,,resale,2026-04-04T19:52:12Z
GN6DCMJRHE4DQMJWHAZXYMJXMMYDKN3DMZSDK,113,2,,resale,2026-04-04T19:52:12Z
GN6DCMJVHE4TOMJUHEZHYMJYGA2GKZLEMQ2TK,113,2,,resale,2026-04-04T19:52:12Z
GN6DSNJWG42DQOJVGV6DCN3DGA2TQYJYHE2Q,113,2,,resale,2026-04-04T19:52:12Z
GJ6DC7BUHE,113,1,,standard,2026-04-04T19:52:12Z
GN6DCMJVGA3DSNZRGA2HYMJYGA2TMYTEMY3DK,113,1,,resale,2026-04-04T19:52:12Z
GJ6DC7BVHA,114,1,,standard,2026-04-04T19:52:12Z
GN6DCMJWGAYDSNRSGYYHYMJYGA2TMYZUGMYTK,114,2,,resale,2026-04-04T19:52:12Z
GN6DCMJVHE4TCOJVGQ3HYMJYGA2TKNBUMU2DK,114,4,,resale,2026-04-04T19:52:12Z
GN6DCMJWGAYDGOJTHA4HYMJYGA2TKYJSMUYDK,114,2,,resale,2026-04-04T19:52:12Z
GN6DCMJVG4ZTENBQG44XYMJXMZRTEZDEHAYDK,114,2,,resale,2026-04-04T19:52:12Z
GN6DCMJVHA4TKNRRGQ2HYMJYGA2TOMTEG4ZDK,114,2,,resale,2026-04-04T19:52:12Z
GN6DCMJVHAYTANRRG4YXYMJYGA2TMYTDMJRTK,114,2,,resale,2026-04-04T19:52:12Z
GN6DCMJUGM3DMMZVGQ4XYMJYGA2TOMTGGM2DK,114,2,,resale,2026-04-04T19:52:12Z
GN6DCMJWGAYDAMJXGAZXYMJYGA2TMZTCMUYDK,114,1,,resale,2026-04-04T19:52:12Z
GN6DCMJVHE4TMNZXGM4HYMJYGA2GKYJUMNQTK,114,1,,resale,2026-04-04T19:52:12Z
GN6DCMJVHE2TGNBSGQ3XYMJYGAZTKOBVGJTDK,115,2,,resale,2026-04-04T19:52:12Z
GN6DCMJUGQZDMMRUGIYXYMJXMQZDQMZRHE3TK,115,2,,resale,2026-04-04T19:52:12Z
GN6DCMJVHE2TCOBWGQZXYMJYGAZTIOJXG5QTK,115,2,,resale,2026-04-04T19:52:12Z
GN6DCMJVGYYDCMBRG44HYMJYGA2TKYZTHA4DK,115,2,,resale,2026-04-04T19:52:12Z
GN6DCMJUGQZDONJYGU2XYMJXMQZDQMTGHA4DK,115,2,,resale,2026-04-04T19:52:12Z
GN6DCMJVHE4TMNBTGQ2HYMJYGA2TGMJRGUZDK,115,2,,resale,2026-04-04T19:52:12Z
GN6DCMJVHAYTANRXGA4XYMJYGA2TMYZWHBTDK,115,2,,resale,2026-04-04T19:52:12Z
GN6DCMJVGUYTOMJZGAYXYMJYGA2TMNLDGY3TK,116,2,,resale,2026-04-04T19:52:12Z
GN6DCMJVHE3TSNBQGU4XYMJYGA2TOODBMY3DK,116,2,,resale,2026-04-04T19:52:12Z
GJ6DC7BWGE,116,1,,standard,2026-04-04T19:52:12Z
GN6DCMJSGM3DGOJXGM4XYMJYGA2TMMZVGIYDK,116,3,,resale,2026-04-04T19:52:12Z
GN6DCMJWGAYDANJVGU2HYMJYGA2TAZBTGMZDK,117,2,,resale,2026-04-04T19:52:12Z
GN6DCMJVHE4TOOBWG42XYMJYGA2TEYTFGU3DK,117,2,,resale,2026-04-04T19:52:12Z
GN6DCMJVHE2DONRTGY3HYMJYGA2TKNTBMZSDK,117,2,,resale,2026-04-04T19:52:12Z
GJ6DC7BVGA,117,1,,standard,2026-04-04T19:52:12Z
GN6DCMJVHE2TQOJTGAZHYMJYGA2TCMBSGYYDK,118,2,,resale,2026-04-04T19:52:12Z
GN6DCMJSGQ4DCNZZHA3XYMJXMZRWGZDCMUZTK,118,2,,resale,2026-04-04T19:52:12Z
GJ6DC7BVHA,118,3,,standard,2026-04-04T19:52:12Z
GJ6DC7BUHE,119,2,,standard,2026-04-04T19:52:12Z
GN6DCMJWGAYDOMJTHAZXYMJYGA2TOOBWMUYTK,119,2,,resale,2026-04-04T19:52:12Z
GN6DCMJWGAYDQMBWGAYXYMJYGA2TKZJZMY4DK,119,2,,resale,2026-04-04T19:52:12Z
GN6DCMJVHE4TQNBRGU3XYMJYGA2GMYJVGM4TK,119,2,,resale,2026-04-04T19:52:12Z
GN6DCMJVHAYTANRWHE2HYMJYGA2TMYZXG43TK,120,2,,resale,2026-04-04T19:52:12Z
GJ6DC7BVGA,120,2,,standard,2026-04-04T19:52:12Z
GN6DCMJRGQ3DGOJWG44XYMJYGA2TEOJQG44DK,120,2,,resale,2026-04-04T19:52:12Z
GN6DCMJSHE3DAMZRHA2XYMJYGA2TMMZXGQ3TK,120,2,,resale,2026-04-04T19:52:12Z
GN6DCMJVHEZDAOBWGY3XYMJYGAZDGM3EGZTDK,120,1,,resale,2026-04-04T19:52:12Z
GJ6DC7BWGA,120,1,,standard,2026-04-04T19:52:12Z
GN6DCMJVHE4TSNBRGQZXYMJYGA2TKZBSGEYDK,120,2,,resale,2026-04-04T19:52:12Z
GN6DCMJRGQ4DCNJXG43XYMJYGA2TKNLDG44DK,120,2,,resale,2026-04-04T19:52:12Z
GN6DCMBTGY3DINBZG43HYMJXMZRTCMBRGM4DK,120,2,,resale,2026-04-04T19:52:12Z
GN6DCMJVGU4DMOJZGE4XYMJYGA2TEN3FMYZDK,120,2,,resale,2026-04-04T19:52:12Z
GN6DCMJWGAYTAMZWHA3XYMJYGA2TOMRTMM2DK,121,2,,resale,2026-04-04T19:52:12Z
GN6DCMJWGAYDOOBWHA2HYMJYGA2TKYLFG4ZTK,121,3,,resale,2026-04-04T19:52:12Z
GN6DCMJVHEZDGOBSHA2HYMJYGAZDIYTFMQ2DK,122,2,,resale,2026-04-04T19:52:12Z
GN6DCMJWGAYDSOJXGE2HYMJYGA2TMZJRMJRDK,122,1,,resale,2026-04-04T19:52:12Z
GN6DCMJWGAYDGMBQGMZHYMJYGA2TEYLGMNTDK,122,1,,resale,2026-04-04T19:52:12Z
GN6DCMJWGAYDQOBSHEZHYMJYGA2TMM3FGMZDK,122,2,,resale,2026-04-04T19:52:12Z
GN6DCMJWGAYDMNZWG4ZXYMJYGA2TKMBUGYYDK,122,4,,resale,2026-04-04T19:52:12Z
GN6DCMBSGU3TSNJTHAYHYMJXMMYDKNZVGQ4DK,122,2,,resale,2026-04-04T19:52:12Z
GN6DCMJUGM3DMMZVGI2HYMJYGA2TOMRXMUYDK,122,2,,resale,2026-04-04T19:52:12Z
GN6DCMJUGM3DMMZVGE2XYMJYGA2TOMRZMNRTK,122,2,,resale,2026-04-04T19:52:12Z
GN6DCMJWGAYDIMZTGAYXYMJYGA2TOMRRMU4DK,123,1,,resale,2026-04-04T19:52:12Z
GJ6DC7BWGI,123,1,,standard,2026-04-04T19:52:12Z
GN6DCMJWGAYDANZQGQ3HYMJYGA2TKZBSMQYDK,123,3,,resale,2026-04-04T19:52:12Z
GN6DCMJVHE4DGOJUGQZXYMJYGA2TAMBWGI2TK,123,2,,resale,2026-04-04T19:52:12Z
GN6DCMJUGM3DMMZVGI4HYMJYGA2TOMTGGY4DK,123,2,,resale,2026-04-04T19:52:12Z
GN6DCMJVHAYTANJUGE2HYMJYGA2TMYZZMIYDK,123,2,,resale,2026-04-04T19:52:12Z
GN6DCMJWGAYDINJXGE2HYMJYGA2TMM3BHAYTK,123,2,,resale,2026-04-04T19:52:12Z
GN6DCMJUGM3DMMZVGE2HYMJYGA2TOMRWGNSTK,123,2,,resale,2026-04-04T19:52:12Z
GN6DCMJWGAYDMMJVGY3XYMJYGA2TMY3GHEZDK,123,3,,resale,2026-04-04T19:52:12Z
GN6DCMJWGAYDCNBVGEYXYMJYGA2TKMJRGUZDK,124,2,,resale,2026-04-04T19:52:12Z
GJ6DC7BWGM,124,3,,standard,2026-04-04T19:52:12Z
GN6DCMJVHE4TOOJTG42HYMJYGA2TKOBRGIYTK,124,2,,resale,2026-04-04T19:52:12Z
GN6DCMJWGAYDMMJTGEYHYMJYGA2TIOJVGEZDK,124,1,,resale,2026-04-04T19:52:12Z
GN6DCMJTGI2DSMZTGE4HYMJYGAZDQY3BHEZTK,124,1,,resale,2026-04-04T19:52:12Z
GN6DCMJVHEZTSNRTG4YXYMJYGA2TONJXHA2DK,124,2,,resale,2026-04-04T19:52:12Z
GJ6DC7BWGU,124,2,,standard,2026-04-04T19:52:12Z
GN6DCMJWGAYDGMRRG4YHYMJYGA2TEZBSMFTDK,124,2,,resale,2026-04-04T19:52:12Z
GN6DCMJVHEZTSNRTG43HYMJYGA2TONJZMJRTK,124,2,,resale,2026-04-04T19:52:12Z
GN6DCMJWGAYDANZQGYYHYMJYGA2TKMZXG42TK,124,2,,resale,2026-04-04T19:52:12Z
GN6DCMJVGU4DQNZQGIYHYMJYGA2TMZBZMJSDK,302,2,,resale,2026-04-04T19:52:12Z
GN6DCMJVHE4TSNZZHEZHYMJYGA2TANLBGAYTK,303,2,,resale,2026-04-04T19:52:12Z
GN6DCMBYGIZTCMRVGEZXYMJXMMYDKODBHE2TK,303,2,,resale,2026-04-04T19:52:12Z
GN6DCMJUGU3DIOBUGAYXYMJXMQ3GGN3DMM2DK,303,3,,resale,2026-04-04T19:52:12Z
GN6DCMJVHE4TONBRGIYHYMJYGA2GMMTBMM4DK,304,2,,resale,2026-04-04T19:52:12Z
GN6DCMJUGU4DGNZUGU4XYMJXMY2DEY3BMQZTK,305,2,,resale,2026-04-04T19:52:12Z
GJ6DC7BWHA,305,1,,standard,2026-04-04T19:52:12Z
GN6DCMJTGE4TEMRYGY2HYMJYGA2DQYJZGQZTK,306,2,,resale,2026-04-04T19:52:12Z
GN6DCMJVHE4TCMBSG42HYMJYGA2TMNJTMIZTK,306,1,,resale,2026-04-04T19:52:12Z
GN6DCMBQGM4TCMZSGI3XYMJXMMYDKN3FGRSTK,306,2,,resale,2026-04-04T19:52:12Z
GN6DCMJVGIZTMMRZGY3HYMJYGA2TOMDEMUYDK,307,2,,resale,2026-04-04T19:52:12Z
GJ6DC7BWHA,307,1,,standard,2026-04-04T19:52:12Z
GN6DCMJTGY4TCNBSGI2HYMJYGA2TOMLEMMYTK,308,2,,resale,2026-04-04T19:52:12Z
GN6DCMJVHEZTONZZGA2XYMJYGA2GKZRXMQ2DK,309,2,,resale,2026-04-04T19:52:12Z
GN6DCMJVHE3DINJSGMZXYMJYGA2TKNTGGZSTK,309,2,,resale,2026-04-04T19:52:12Z
GN6DCMJVGUYDGOBVGQ3HYMJYGA2GCOBYGBQTK,310,1,,resale,2026-04-04T19:52:12Z
GN6DCMJWGAYDQOJWHE3HYMJYGA2TOODEGQYDK,310,2,,resale,2026-04-04T19:52:12Z
GN6DCMJVHE4TMMRVGYYHYMJYGA2TMZDBGIZTK,310,1,,resale,2026-04-04T19:52:12Z
GN6DCMJVGY4DANBZGU4HYMJYGA2TOMTFG5RTK,310,1,,resale,2026-04-04T19:52:12Z
GN6DCMJVGY4DANJUGAYXYMJYGA2TOOJUGE3DK,310,1,,resale,2026-04-04T19:52:12Z
GN6DCMJWGAYDEOBWGMZXYMJYGA2TMYRQG4ZTK,312,2,,resale,2026-04-04T19:52:12Z
GN6DCMJVHE3DCMZQGUYHYMJYGAZWCMZXMIYTK,314,2,,resale,2026-04-04T19:52:12Z
GJ6DC7BWHE,314,1,,standard,2026-04-04T19:52:12Z
GJ6DC7BWG4,315,3,,standard,2026-04-04T19:52:12Z
GN6DCMJWGAYTANRQGYZXYMJYGA2TONDGGVTDK,317,2,,resale,2026-04-04T19:52:12Z
GN6DCMJVHEZTSNRTGA2HYMJYGA2TONLEGZSTK,317,2,,resale,2026-04-04T19:52:12Z
GJ6DC7BWG4,317,1,,standard,2026-04-04T19:52:12Z
GJ6DC7BWG4,318,3,,standard,2026-04-04T19:52:12Z
GN6DCMJWGAYDSNJRGYYXYMJYGA2TMYRQG5SDK,319,3,,resale,2026-04-04T19:52:12Z
GN6DCMJVHEZTSNRTGAYHYMJYGA2TONJYMRRDK,319,2,,resale,2026-04-04T19:52:12Z
GN6DCMJWGAYDGNZVGU2HYMJYGA2TONJRGEZTK,321,2,,resale,2026-04-04T19:52:12Z
GN6DCMJVG43DIMBZGU4XYMJYGA2TKZRQMZTDK,321,4,,resale,2026-04-04T19:52:12Z
GN6DCMJVGM4DINZWG4YXYMJYGAZWIYJQMQYTK,321,2,,resale,2026-04-04T19:52:12Z
GN6DCMJWGAYDQNJWGAYXYMJYGA2TONJWMFSDK,321,4,,resale,2026-04-04T19:52:12Z
GN6DCMJWGAYDSNBVGQZHYMJYGA2TMOJVHA2DK,322,1,,resale,2026-04-04T19:52:12Z
GN6DCMJVGEYTKNJRHAYHYMJYGA2GCZLCMFTDK,322,2,,resale,2026-04-04T19:52:12Z
GN6DCMJVHE3DINJWG43HYMJYGA2TONRQGYYDK,322,2,,resale,2026-04-04T19:52:12Z
GN6DCMJVHEZTSNRSHAYHYMJYGA2TONDGMIZDK,322,1,,resale,2026-04-04T19:52:12Z
GN6DCMJVHEZTSNRTGEYHYMJYGA2TONJWMY3DK,322,1,,resale,2026-04-04T19:52:12Z
GN6DCMJVHEZTSNRTGA3XYMJYGA2TONDEGYZTK,322,2,,resale,2026-04-04T19:52:12Z
GN6DCMJVGQ4DENRQHE2XYMJXMYZTMN3FGNSTK,323,2,,resale,2026-04-04T19:52:12Z
GN6DCMJVHEZTSNRTGQ4XYMJYGA2TONJYMUZTK,323,2,,resale,2026-04-04T19:52:12Z
GN6DCMJVHEZTSNRTGQ2XYMJYGA2TONLBMIYTK,323,2,,resale,2026-04-04T19:52:12Z
GN6DCMJVHE2DONRTG43HYMJYGA2TONLBGBSDK,323,2,,resale,2026-04-04T19:52:12Z
GN6DCMJWGAYTCMBZGAZHYMJYGA2TOOBYG4ZDK,323,4,,resale,2026-04-04T19:52:12Z
GN6DCMJVHEZTSNRTGE3HYMJYGA2TONLFMQ4DK,323,2,,resale,2026-04-04T19:52:12Z
GN6DCMJWGAYDONZVHA2HYMJYGA2TONLEMI4TK,323,2,,resale,2026-04-04T19:52:12Z
GN6DCMJVHEYTGMBTG43XYMJYGAYWMNJUGFTDK,323,2,,resale,2026-04-04T19:52:12Z
GN6DCMJVHEZTSNRTGYZHYMJYGA2TONLDGI2DK,324,2,,resale,2026-04-04T19:52:12Z
GN6DCMJTGY4TAOJRGU2HYMJYGA2TOMRXGAZDK,324,2,,resale,2026-04-04T19:52:12Z
GJ6DC7BWGY,325,1,,standard,2026-04-04T19:52:12Z
GN6DCMJWGAYDIOJSHAYXYMJYGA2TONJYMRRTK,325,5,,resale,2026-04-04T19:52:12Z
GN6DCMJWGAYTAMZRGAYXYMJYGA2TOMJWGYZTK,325,2,,resale,2026-04-04T19:52:12Z
GN6DSNRQGA3DSNJZGN6DCN3DGA2TONJUGM2Q,325,2,,resale,2026-04-04T19:52:12Z
GN6DCMJVHE2TKMZTGMZXYMJYGA2TKMRRG4ZDK,325,1,,resale,2026-04-04T19:52:12Z
GN6DCMJVHEZTSNRTGU2XYMJYGA2TONLDGI3TK,326,2,,resale,2026-04-04T19:52:12Z
GN6DCMJVHEZTSNRTGUZXYMJYGA2TONLCGM2TK,326,2,,resale,2026-04-04T19:52:12Z
GN6DCMJVHE4DOMZYHEYXYMJYGA2TONLGHFRDK,326,2,,resale,2026-04-04T19:52:12Z
GN6DCMJVHE4DONRXGQ3XYMJYGA2TONLEMI3DK,326,2,,resale,2026-04-04T19:52:12Z
GN6DCMJVHE4TQNBRGQYXYMJYGA2TONJWMRSTK,326,2,,resale,2026-04-04T19:52:12Z
GN6DCMJWGAYDMOBYGY3HYMJYGA2TONLGMEYDK,326,2,,resale,2026-04-04T19:52:12Z
GN6DSNRQGA3DSNJZGZ6DCN3DGA2TOOBVGM2Q,326,2,,resale,2026-04-04T19:52:12Z
GN6DCMJWGAYDOOBUGEYXYMJYGA2TMNBYGEYTK,326,2,,resale,2026-04-04T19:52:12Z
GN6DCMJWGAYDONRXHE2HYMJYGA2TKOJWMJRTK,326,2,,resale,2026-04-04T19:52:12Z
GN6DCMJVHEZTSNRTGUYHYMJYGA2TONRQGZSTK,326,2,,resale,2026-04-04T19:52:12Z
GN6DCMJUGE3TKMZUGQ3XYMJXMNTDSZJQMYZTK,326,1,,resale,2026-04-04T19:52:12Z
GN6DCMJVHEZTSNRTGQYXYMJYGA2TONJZMI2TK,326,2,,resale,2026-04-04T19:52:12Z
GN6DSNZTGE4TGNJYG56DCN3DGA2TQMJRHA2Q,327,2,,resale,2026-04-04T19:52:12Z
GJ6DC7BWHE,327,2,,standard,2026-04-04T19:52:12Z
GJ6DC7BXGA,327,3,,standard,2026-04-04T19:52:12Z
GN6DCMJWGAYDSMJQGYYHYMJYGA2TONBZHA3DK,327,2,,resale,2026-04-04T19:52:12Z
GN6DCMJVHEZTSNRTGMZXYMJYGA2TONLEG5SDK,328,2,,resale,2026-04-04T19:52:12Z
GJ6DC7BWHA,328,1,,standard,2026-04-04T19:52:12Z
GN6DCMJWGAYDINJXHE4HYMJYGA2TGYTFHE4TK,329,2,,resale,2026-04-04T19:52:12Z
GN6DCMJWGAYDENRQGQZHYMJYGA2TONLGHE2DK,330,2,,resale,2026-04-04T19:52:12Z
GJ6DC7BWG4,331,5,,standard,2026-04-04T19:52:12Z
GJ6DC7BWHA,331,3,,standard,2026-04-04T19:52:12Z
GJ6DC7BWG4,332,2,,standard,2026-04-04T19:52:12Z
GJ6DC7BWHA,332,1,,standard,2026-04-04T19:52:12Z
GJ6DC7BXGE,401,2,,standard,2026-04-04T19:52:12Z
GN6DCMJWGAYDSNBYGM4HYMJYGA2TONRQGZTDK,403,7,,resale,2026-04-04T19:52:12Z
GJ6DC7BXGE,405,10,,standard,2026-04-04T19:52:12Z
GN6DCMJWGAYDSMRWGAZHYMJYGA2TMYTGGRRTK,405,1,,resale,2026-04-04T19:52:12Z
GN6DCMJWGAYTAOJYHEZHYMJYGA2TOOBSGVTDK,405,5,,resale,2026-04-04T19:52:12Z
GN6DCMJVG44TMNBQHE4XYMJXMZSGMNJYGVRDK,405,3,,resale,2026-04-04T19:52:12Z
GN6DCMJWGAYDSNJZGU2XYMJYGA2TONJTMRQTK,406,2,,resale,2026-04-04T19:52:12Z
GJ6DC7BXGE,406,9,,standard,2026-04-04T19:52:12Z
GJ6DC7BXGI,406,1,,standard,2026-04-04T19:52:12Z
GN6DCMJWGAYTANZZGU2XYMJYGA2TONRYMU2DK,407,5,,resale,2026-04-04T19:52:12Z
GJ6DC7BXGM,407,2,,standard,2026-04-04T19:52:12Z
GN6DCMJVGU4TQOBUGQYXYMJXMY3WCOLCMMZTK,407,4,,resale,2026-04-04T19:52:12Z
GJ6DC7BXGI,407,1,,standard,2026-04-04T19:52:12Z
GN6DCMJWGAYDQMZQGA3XYMJYGA2TONRRGFSDK,408,3,,resale,2026-04-04T19:52:12Z
GJ6DC7BXGI,408,1,,standard,2026-04-04T19:52:12Z
GJ6DC7BXGE,409,3,,standard,2026-04-04T19:52:12Z
GN6DCMJUGM2TANRUHAYHYMJXMNTGGZRTGAYDK,409,1,,resale,2026-04-04T19:52:12Z
GJ6DC7BXGE,410,1,,standard,2026-04-04T19:52:12Z
GN6DCMJVGA4TQMZXGE2XYMJXMU3WMYZVGUZDK,410,2,,resale,2026-04-04T19:52:12Z
GN6DCMJVHEZTSNRTGAZXYMJYGA2TONLCMYYDK,412,2,,resale,2026-04-04T19:52:12Z
GJ6DC7BXGI,412,1,,standard,2026-04-04T19:52:12Z
GN6DCMJWGAYDSOJTGA2XYMJYGA2TONTCMY3DK,412,2,,resale,2026-04-04T19:52:12Z
GJ6DC7BXGE,413,4,,standard,2026-04-04T19:52:12Z
GJ6DC7BXGI,413,2,,standard,2026-04-04T19:52:12Z
GN6DCMJWGAYDGOJXGQYXYMJYGA2TONRUMIYDK,413,3,,resale,2026-04-04T19:52:12Z
GN6DCMJVHE4TSMJWG44HYMJYGA2TONJXHEYTK,413,5,,resale,2026-04-04T19:52:12Z
GN6DCMJWGAYDSOJTGA3HYMJYGA2TONJWGNSDK,414,13,,resale,2026-04-04T19:52:12Z
GJ6DC7BXGE,414,1,,standard,2026-04-04T19:52:12Z
GJ6DC7BXGI,414,1,,standard,2026-04-04T19:52:12Z
GN6DCMJWGAYTANRQGIZXYMJYGA2TONLBGY3DK,415,4,,resale,2026-04-04T19:52:12Z
GJ6DC7BXGQ,415,9,,standard,2026-04-04T19:52:12Z
GN6DCMJWGAYTAMBZGQ2XYMJYGA2TONLBGBRTK,416,6,,resale,2026-04-04T19:52:12Z
GN6DCMJWGAYDSNJZGMYHYMJYGA2TONJSGYYDK,416,1,,resale,2026-04-04T19:52:12Z
GN6DCMJWGAYDMNBYGE3XYMJYGA2TONRUHEZTK,417,15,,resale,2026-04-04T19:52:12Z
GJ6DC7BXGI,417,1,,standard,2026-04-04T19:52:12Z
GN6DCMJVGEZDCNRXGY3HYMJXMU4GGMBQHE3DK,420,2,,resale,2026-04-04T19:52:12Z
GN6DCMJVHEYTQNRZG42HYMJYGAZDEMTBMEYDK,CN,2,,resale,2026-04-04T19:52:12Z
GN6DCMJVHA2DGNBZGEYHYMJYGA2TMYTDMIZTK,CW,2,,resale,2026-04-04T19:52:12Z
GN6DCMJVHE4TOMBWGAYHYMJYGA2TIMTFGZSDK,SOUTH,2,,resale,2026-04-04T19:52:12Z
GN6DCMJWGAYDOOJRHA4HYMJYGA2TKYZRMIZDK,SOUTH,2,,resale,2026-04-04T19:52:12Z
GN6DCMJWGAYDSNRUGA3HYMJYGA2TMYTGMEYDK,SOUTH,4,,resale,2026-04-04T19:52:12Z
GN6DCMJWGAYDAOJSGU3XYMJYGA2TMN3CHBSTK,SUITE,4,,resale,2026-04-04T19:52:12Z
